<annotation>
	<folder>Rotated</folder>
	<filename>blast_rotated_076.jpg</filename>
	<path>C:\Users\pc\Pictures\URGENT_DATASET_NEED_LABEL\blast\Rotated\blast_rotated_076.jpg</path>
	<source>
		<database>Unknown</database>
	</source>
	<size>
		<width>300</width>
		<height>300</height>
		<depth>3</depth>
	</size>
	<segmented>0</segmented>
	<object>
		<name>Rice_Blast</name>
		<pose>Unspecified</pose>
		<truncated>0</truncated>
		<difficult>0</difficult>
		<bndbox>
			<xmin>136</xmin>
			<ymin>204</ymin>
			<xmax>168</xmax>
			<ymax>249</ymax>
		</bndbox>
	</object>
	<object>
		<name>Rice_Blast</name>
		<pose>Unspecified</pose>
		<truncated>0</truncated>
		<difficult>0</difficult>
		<bndbox>
			<xmin>145</xmin>
			<ymin>234</ymin>
			<xmax>173</xmax>
			<ymax>267</ymax>
		</bndbox>
	</object>
	<object>
		<name>Rice_Blast</name>
		<pose>Unspecified</pose>
		<truncated>0</truncated>
		<difficult>0</difficult>
		<bndbox>
			<xmin>150</xmin>
			<ymin>168</ymin>
			<xmax>191</xmax>
			<ymax>211</ymax>
		</bndbox>
	</object>
	<object>
		<name>Rice_Blast</name>
		<pose>Unspecified</pose>
		<truncated>0</truncated>
		<difficult>0</difficult>
		<bndbox>
			<xmin>187</xmin>
			<ymin>102</ymin>
			<xmax>227</xmax>
			<ymax>142</ymax>
		</bndbox>
	</object>
	<object>
		<name>Rice_Blast</name>
		<pose>Unspecified</pose>
		<truncated>0</truncated>
		<difficult>0</difficult>
		<bndbox>
			<xmin>184</xmin>
			<ymin>199</ymin>
			<xmax>220</xmax>
			<ymax>241</ymax>
		</bndbox>
	</object>
	<object>
		<name>Rice_Blast</name>
		<pose>Unspecified</pose>
		<truncated>0</truncated>
		<difficult>0</difficult>
		<bndbox>
			<xmin>183</xmin>
			<ymin>234</ymin>
			<xmax>203</xmax>
			<ymax>284</ymax>
		</bndbox>
	</object>
	<object>
		<name>Rice_Blast</name>
		<pose>Unspecified</pose>
		<truncated>0</truncated>
		<difficult>0</difficult>
		<bndbox>
			<xmin>156</xmin>
			<ymin>47</ymin>
			<xmax>185</xmax>
			<ymax>94</ymax>
		</bndbox>
	</object>
	<object>
		<name>Rice_Blast</name>
		<pose>Unspecified</pose>
		<truncated>0</truncated>
		<difficult>0</difficult>
		<bndbox>
			<xmin>181</xmin>
			<ymin>14</ymin>
			<xmax>200</xmax>
			<ymax>78</ymax>
		</bndbox>
	</object>
	<object>
		<name>Rice_Blast</name>
		<pose>Unspecified</pose>
		<truncated>0</truncated>
		<difficult>0</difficult>
		<bndbox>
			<xmin>189</xmin>
			<ymin>46</ymin>
			<xmax>221</xmax>
			<ymax>100</ymax>
		</bndbox>
	</object>
</annotation>
