<annotation>
	<folder>Rotated</folder>
	<filename>blast_rotated_026.png</filename>
	<path>C:\Users\pc\Pictures\URGENT_DATASET_NEED_LABEL\blast\Rotated\blast_rotated_026.png</path>
	<source>
		<database>Unknown</database>
	</source>
	<size>
		<width>300</width>
		<height>300</height>
		<depth>3</depth>
	</size>
	<segmented>0</segmented>
	<object>
		<name>Rice_Blast</name>
		<pose>Unspecified</pose>
		<truncated>0</truncated>
		<difficult>0</difficult>
		<bndbox>
			<xmin>77</xmin>
			<ymin>81</ymin>
			<xmax>142</xmax>
			<ymax>164</ymax>
		</bndbox>
	</object>
	<object>
		<name>Rice_Blast</name>
		<pose>Unspecified</pose>
		<truncated>0</truncated>
		<difficult>0</difficult>
		<bndbox>
			<xmin>120</xmin>
			<ymin>219</ymin>
			<xmax>184</xmax>
			<ymax>264</ymax>
		</bndbox>
	</object>
</annotation>
