<annotation>
	<folder>Rotated</folder>
	<filename>blast_rotated_034.png</filename>
	<path>C:\Users\pc\Pictures\URGENT_DATASET_NEED_LABEL\blast\Rotated\blast_rotated_034.png</path>
	<source>
		<database>Unknown</database>
	</source>
	<size>
		<width>300</width>
		<height>300</height>
		<depth>3</depth>
	</size>
	<segmented>0</segmented>
	<object>
		<name>Rice_Blast</name>
		<pose>Unspecified</pose>
		<truncated>0</truncated>
		<difficult>0</difficult>
		<bndbox>
			<xmin>47</xmin>
			<ymin>26</ymin>
			<xmax>96</xmax>
			<ymax>136</ymax>
		</bndbox>
	</object>
	<object>
		<name>Rice_Blast</name>
		<pose>Unspecified</pose>
		<truncated>0</truncated>
		<difficult>0</difficult>
		<bndbox>
			<xmin>87</xmin>
			<ymin>136</ymin>
			<xmax>129</xmax>
			<ymax>194</ymax>
		</bndbox>
	</object>
	<object>
		<name>Rice_Blast</name>
		<pose>Unspecified</pose>
		<truncated>0</truncated>
		<difficult>0</difficult>
		<bndbox>
			<xmin>117</xmin>
			<ymin>178</ymin>
			<xmax>174</xmax>
			<ymax>249</ymax>
		</bndbox>
	</object>
	<object>
		<name>Rice_Blast</name>
		<pose>Unspecified</pose>
		<truncated>0</truncated>
		<difficult>0</difficult>
		<bndbox>
			<xmin>121</xmin>
			<ymin>116</ymin>
			<xmax>157</xmax>
			<ymax>172</ymax>
		</bndbox>
	</object>
	<object>
		<name>Rice_Blast</name>
		<pose>Unspecified</pose>
		<truncated>0</truncated>
		<difficult>0</difficult>
		<bndbox>
			<xmin>107</xmin>
			<ymin>49</ymin>
			<xmax>152</xmax>
			<ymax>136</ymax>
		</bndbox>
	</object>
</annotation>
