<annotation>
	<folder>orig</folder>
	<filename>brownspot_orig_001.jpg</filename>
	<path>C:\Users\iecudiamat\Downloads\brownspot-20180219T024548Z-001\brownspot\orig\brownspot_orig_001.jpg</path>
	<source>
		<database>Unknown</database>
	</source>
	<size>
		<width>300</width>
		<height>300</height>
		<depth>3</depth>
	</size>
	<segmented>0</segmented>
	<object>
		<name>Brown_Spot</name>
		<pose>Unspecified</pose>
		<truncated>0</truncated>
		<difficult>0</difficult>
		<bndbox>
			<xmin>131</xmin>
			<ymin>50</ymin>
			<xmax>142</xmax>
			<ymax>61</ymax>
		</bndbox>
	</object>
	<object>
		<name>Brown_Spot</name>
		<pose>Unspecified</pose>
		<truncated>0</truncated>
		<difficult>0</difficult>
		<bndbox>
			<xmin>144</xmin>
			<ymin>75</ymin>
			<xmax>154</xmax>
			<ymax>84</ymax>
		</bndbox>
	</object>
	<object>
		<name>Brown_Spot</name>
		<pose>Unspecified</pose>
		<truncated>0</truncated>
		<difficult>0</difficult>
		<bndbox>
			<xmin>178</xmin>
			<ymin>83</ymin>
			<xmax>186</xmax>
			<ymax>90</ymax>
		</bndbox>
	</object>
	<object>
		<name>Brown_Spot</name>
		<pose>Unspecified</pose>
		<truncated>0</truncated>
		<difficult>0</difficult>
		<bndbox>
			<xmin>163</xmin>
			<ymin>79</ymin>
			<xmax>170</xmax>
			<ymax>85</ymax>
		</bndbox>
	</object>
	<object>
		<name>Brown_Spot</name>
		<pose>Unspecified</pose>
		<truncated>0</truncated>
		<difficult>0</difficult>
		<bndbox>
			<xmin>206</xmin>
			<ymin>92</ymin>
			<xmax>215</xmax>
			<ymax>99</ymax>
		</bndbox>
	</object>
	<object>
		<name>Brown_Spot</name>
		<pose>Unspecified</pose>
		<truncated>0</truncated>
		<difficult>0</difficult>
		<bndbox>
			<xmin>221</xmin>
			<ymin>119</ymin>
			<xmax>231</xmax>
			<ymax>128</ymax>
		</bndbox>
	</object>
	<object>
		<name>Brown_Spot</name>
		<pose>Unspecified</pose>
		<truncated>0</truncated>
		<difficult>0</difficult>
		<bndbox>
			<xmin>241</xmin>
			<ymin>113</ymin>
			<xmax>252</xmax>
			<ymax>124</ymax>
		</bndbox>
	</object>
	<object>
		<name>Brown_Spot</name>
		<pose>Unspecified</pose>
		<truncated>0</truncated>
		<difficult>0</difficult>
		<bndbox>
			<xmin>230</xmin>
			<ymin>138</ymin>
			<xmax>246</xmax>
			<ymax>152</ymax>
		</bndbox>
	</object>
	<object>
		<name>Brown_Spot</name>
		<pose>Unspecified</pose>
		<truncated>0</truncated>
		<difficult>0</difficult>
		<bndbox>
			<xmin>234</xmin>
			<ymin>196</ymin>
			<xmax>245</xmax>
			<ymax>210</ymax>
		</bndbox>
	</object>
	<object>
		<name>Brown_Spot</name>
		<pose>Unspecified</pose>
		<truncated>0</truncated>
		<difficult>0</difficult>
		<bndbox>
			<xmin>233</xmin>
			<ymin>155</ymin>
			<xmax>246</xmax>
			<ymax>165</ymax>
		</bndbox>
	</object>
	<object>
		<name>Brown_Spot</name>
		<pose>Unspecified</pose>
		<truncated>0</truncated>
		<difficult>0</difficult>
		<bndbox>
			<xmin>182</xmin>
			<ymin>113</ymin>
			<xmax>192</xmax>
			<ymax>124</ymax>
		</bndbox>
	</object>
	<object>
		<name>Brown_Spot</name>
		<pose>Unspecified</pose>
		<truncated>0</truncated>
		<difficult>0</difficult>
		<bndbox>
			<xmin>189</xmin>
			<ymin>118</ymin>
			<xmax>199</xmax>
			<ymax>128</ymax>
		</bndbox>
	</object>
	<object>
		<name>Brown_Spot</name>
		<pose>Unspecified</pose>
		<truncated>0</truncated>
		<difficult>0</difficult>
		<bndbox>
			<xmin>204</xmin>
			<ymin>175</ymin>
			<xmax>215</xmax>
			<ymax>185</ymax>
		</bndbox>
	</object>
	<object>
		<name>Brown_Spot</name>
		<pose>Unspecified</pose>
		<truncated>0</truncated>
		<difficult>0</difficult>
		<bndbox>
			<xmin>201</xmin>
			<ymin>195</ymin>
			<xmax>212</xmax>
			<ymax>205</ymax>
		</bndbox>
	</object>
	<object>
		<name>Brown_Spot</name>
		<pose>Unspecified</pose>
		<truncated>0</truncated>
		<difficult>0</difficult>
		<bndbox>
			<xmin>220</xmin>
			<ymin>166</ymin>
			<xmax>230</xmax>
			<ymax>176</ymax>
		</bndbox>
	</object>
	<object>
		<name>Brown_Spot</name>
		<pose>Unspecified</pose>
		<truncated>0</truncated>
		<difficult>0</difficult>
		<bndbox>
			<xmin>242</xmin>
			<ymin>214</ymin>
			<xmax>251</xmax>
			<ymax>223</ymax>
		</bndbox>
	</object>
</annotation>
