<annotation>
	<folder>orig</folder>
	<filename>brownspot_orig_017.jpg</filename>
	<path>C:\Users\iecudiamat\Downloads\brownspot-20180219T024548Z-001\brownspot\orig\brownspot_orig_017.jpg</path>
	<source>
		<database>Unknown</database>
	</source>
	<size>
		<width>300</width>
		<height>300</height>
		<depth>3</depth>
	</size>
	<segmented>0</segmented>
	<object>
		<name>Brown_Spot</name>
		<pose>Unspecified</pose>
		<truncated>0</truncated>
		<difficult>0</difficult>
		<bndbox>
			<xmin>76</xmin>
			<ymin>85</ymin>
			<xmax>103</xmax>
			<ymax>107</ymax>
		</bndbox>
	</object>
	<object>
		<name>Brown_Spot</name>
		<pose>Unspecified</pose>
		<truncated>0</truncated>
		<difficult>0</difficult>
		<bndbox>
			<xmin>104</xmin>
			<ymin>197</ymin>
			<xmax>125</xmax>
			<ymax>218</ymax>
		</bndbox>
	</object>
	<object>
		<name>Brown_Spot</name>
		<pose>Unspecified</pose>
		<truncated>0</truncated>
		<difficult>0</difficult>
		<bndbox>
			<xmin>77</xmin>
			<ymin>203</ymin>
			<xmax>92</xmax>
			<ymax>217</ymax>
		</bndbox>
	</object>
	<object>
		<name>Brown_Spot</name>
		<pose>Unspecified</pose>
		<truncated>0</truncated>
		<difficult>0</difficult>
		<bndbox>
			<xmin>188</xmin>
			<ymin>145</ymin>
			<xmax>215</xmax>
			<ymax>168</ymax>
		</bndbox>
	</object>
	<object>
		<name>Brown_Spot</name>
		<pose>Unspecified</pose>
		<truncated>0</truncated>
		<difficult>0</difficult>
		<bndbox>
			<xmin>145</xmin>
			<ymin>105</ymin>
			<xmax>193</xmax>
			<ymax>136</ymax>
		</bndbox>
	</object>
	<object>
		<name>Brown_Spot</name>
		<pose>Unspecified</pose>
		<truncated>0</truncated>
		<difficult>0</difficult>
		<bndbox>
			<xmin>137</xmin>
			<ymin>86</ymin>
			<xmax>180</xmax>
			<ymax>111</ymax>
		</bndbox>
	</object>
	<object>
		<name>Brown_Spot</name>
		<pose>Unspecified</pose>
		<truncated>0</truncated>
		<difficult>0</difficult>
		<bndbox>
			<xmin>157</xmin>
			<ymin>63</ymin>
			<xmax>189</xmax>
			<ymax>87</ymax>
		</bndbox>
	</object>
	<object>
		<name>Brown_Spot</name>
		<pose>Unspecified</pose>
		<truncated>0</truncated>
		<difficult>0</difficult>
		<bndbox>
			<xmin>105</xmin>
			<ymin>18</ymin>
			<xmax>162</xmax>
			<ymax>50</ymax>
		</bndbox>
	</object>
</annotation>
