<annotation>
	<folder>orig</folder>
	<filename>brownspot_orig_015.jpg</filename>
	<path>C:\Users\iecudiamat\Downloads\brownspot-20180219T024548Z-001\brownspot\orig\brownspot_orig_015.jpg</path>
	<source>
		<database>Unknown</database>
	</source>
	<size>
		<width>300</width>
		<height>300</height>
		<depth>3</depth>
	</size>
	<segmented>0</segmented>
	<object>
		<name>Brown_Spot</name>
		<pose>Unspecified</pose>
		<truncated>0</truncated>
		<difficult>0</difficult>
		<bndbox>
			<xmin>76</xmin>
			<ymin>38</ymin>
			<xmax>96</xmax>
			<ymax>55</ymax>
		</bndbox>
	</object>
	<object>
		<name>Brown_Spot</name>
		<pose>Unspecified</pose>
		<truncated>0</truncated>
		<difficult>0</difficult>
		<bndbox>
			<xmin>100</xmin>
			<ymin>32</ymin>
			<xmax>115</xmax>
			<ymax>44</ymax>
		</bndbox>
	</object>
	<object>
		<name>Brown_Spot</name>
		<pose>Unspecified</pose>
		<truncated>0</truncated>
		<difficult>0</difficult>
		<bndbox>
			<xmin>124</xmin>
			<ymin>49</ymin>
			<xmax>140</xmax>
			<ymax>64</ymax>
		</bndbox>
	</object>
	<object>
		<name>Brown_Spot</name>
		<pose>Unspecified</pose>
		<truncated>0</truncated>
		<difficult>0</difficult>
		<bndbox>
			<xmin>63</xmin>
			<ymin>266</ymin>
			<xmax>79</xmax>
			<ymax>277</ymax>
		</bndbox>
	</object>
</annotation>
