<annotation>
	<folder>orig</folder>
	<filename>brownspot_orig_083.jpg</filename>
	<path>C:\Users\iecudiamat\Downloads\brownspot-20180219T024548Z-001\brownspot\orig\brownspot_orig_083.jpg</path>
	<source>
		<database>Unknown</database>
	</source>
	<size>
		<width>300</width>
		<height>300</height>
		<depth>3</depth>
	</size>
	<segmented>0</segmented>
	<object>
		<name>Brown_Spot</name>
		<pose>Unspecified</pose>
		<truncated>0</truncated>
		<difficult>0</difficult>
		<bndbox>
			<xmin>119</xmin>
			<ymin>102</ymin>
			<xmax>153</xmax>
			<ymax>129</ymax>
		</bndbox>
	</object>
	<object>
		<name>Brown_Spot</name>
		<pose>Unspecified</pose>
		<truncated>0</truncated>
		<difficult>0</difficult>
		<bndbox>
			<xmin>83</xmin>
			<ymin>41</ymin>
			<xmax>108</xmax>
			<ymax>61</ymax>
		</bndbox>
	</object>
	<object>
		<name>Brown_Spot</name>
		<pose>Unspecified</pose>
		<truncated>0</truncated>
		<difficult>0</difficult>
		<bndbox>
			<xmin>251</xmin>
			<ymin>187</ymin>
			<xmax>271</xmax>
			<ymax>200</ymax>
		</bndbox>
	</object>
	<object>
		<name>Brown_Spot</name>
		<pose>Unspecified</pose>
		<truncated>0</truncated>
		<difficult>0</difficult>
		<bndbox>
			<xmin>160</xmin>
			<ymin>156</ymin>
			<xmax>186</xmax>
			<ymax>177</ymax>
		</bndbox>
	</object>
	<object>
		<name>Brown_Spot</name>
		<pose>Unspecified</pose>
		<truncated>0</truncated>
		<difficult>0</difficult>
		<bndbox>
			<xmin>113</xmin>
			<ymin>234</ymin>
			<xmax>142</xmax>
			<ymax>253</ymax>
		</bndbox>
	</object>
</annotation>
