<annotation>
	<folder>rotated</folder>
	<filename>blight_rotated_028.PNG</filename>
	<path>G:\BLB\rotated\blight_rotated_028.PNG</path>
	<source>
		<database>Unknown</database>
	</source>
	<size>
		<width>300</width>
		<height>300</height>
		<depth>3</depth>
	</size>
	<segmented>0</segmented>
	<object>
		<name>Bacterial_Blight</name>
		<pose>Unspecified</pose>
		<truncated>0</truncated>
		<difficult>0</difficult>
		<bndbox>
			<xmin>86</xmin>
			<ymin>88</ymin>
			<xmax>191</xmax>
			<ymax>260</ymax>
		</bndbox>
	</object>
	<object>
		<name>Bacterial_Blight</name>
		<pose>Unspecified</pose>
		<truncated>0</truncated>
		<difficult>0</difficult>
		<bndbox>
			<xmin>232</xmin>
			<ymin>138</ymin>
			<xmax>296</xmax>
			<ymax>231</ymax>
		</bndbox>
	</object>
</annotation>
