<annotation>
	<folder>rotated</folder>
	<filename>blight_rotated_045.jpg</filename>
	<path>G:\BLB\rotated\blight_rotated_045.jpg</path>
	<source>
		<database>Unknown</database>
	</source>
	<size>
		<width>300</width>
		<height>300</height>
		<depth>3</depth>
	</size>
	<segmented>0</segmented>
	<object>
		<name>Bacterial_Blight</name>
		<pose>Unspecified</pose>
		<truncated>0</truncated>
		<difficult>0</difficult>
		<bndbox>
			<xmin>119</xmin>
			<ymin>140</ymin>
			<xmax>181</xmax>
			<ymax>194</ymax>
		</bndbox>
	</object>
</annotation>
