<annotation>
	<folder>Orig</folder>
	<filename>blast_orig_056.JPG</filename>
	<path>C:\Users\pc\Pictures\URGENT_DATASET_NEED_LABEL\blast\Orig\blast_orig_056.JPG</path>
	<source>
		<database>Unknown</database>
	</source>
	<size>
		<width>300</width>
		<height>300</height>
		<depth>3</depth>
	</size>
	<segmented>0</segmented>
	<object>
		<name>Rice_Blast</name>
		<pose>Unspecified</pose>
		<truncated>0</truncated>
		<difficult>0</difficult>
		<bndbox>
			<xmin>177</xmin>
			<ymin>86</ymin>
			<xmax>227</xmax>
			<ymax>150</ymax>
		</bndbox>
	</object>
	<object>
		<name>Rice_Blast</name>
		<pose>Unspecified</pose>
		<truncated>0</truncated>
		<difficult>0</difficult>
		<bndbox>
			<xmin>131</xmin>
			<ymin>17</ymin>
			<xmax>194</xmax>
			<ymax>84</ymax>
		</bndbox>
	</object>
</annotation>
