<annotation>
	<folder>Orig</folder>
	<filename>blast_orig_022.png</filename>
	<path>C:\Users\pc\Pictures\URGENT_DATASET_NEED_LABEL\blast\Orig\blast_orig_022.png</path>
	<source>
		<database>Unknown</database>
	</source>
	<size>
		<width>300</width>
		<height>300</height>
		<depth>3</depth>
	</size>
	<segmented>0</segmented>
	<object>
		<name>Rice_Blast</name>
		<pose>Unspecified</pose>
		<truncated>0</truncated>
		<difficult>0</difficult>
		<bndbox>
			<xmin>60</xmin>
			<ymin>124</ymin>
			<xmax>106</xmax>
			<ymax>174</ymax>
		</bndbox>
	</object>
	<object>
		<name>Rice_Blast</name>
		<pose>Unspecified</pose>
		<truncated>0</truncated>
		<difficult>0</difficult>
		<bndbox>
			<xmin>66</xmin>
			<ymin>77</ymin>
			<xmax>114</xmax>
			<ymax>131</ymax>
		</bndbox>
	</object>
	<object>
		<name>Rice_Blast</name>
		<pose>Unspecified</pose>
		<truncated>0</truncated>
		<difficult>0</difficult>
		<bndbox>
			<xmin>64</xmin>
			<ymin>184</ymin>
			<xmax>133</xmax>
			<ymax>262</ymax>
		</bndbox>
	</object>
</annotation>
