<annotation>
	<folder>orig</folder>
	<filename>blight_orig_073.JPG</filename>
	<path>G:\BLB\orig\blight_orig_073.JPG</path>
	<source>
		<database>Unknown</database>
	</source>
	<size>
		<width>300</width>
		<height>300</height>
		<depth>3</depth>
	</size>
	<segmented>0</segmented>
	<object>
		<name>Bacterial_Blight</name>
		<pose>Unspecified</pose>
		<truncated>1</truncated>
		<difficult>0</difficult>
		<bndbox>
			<xmin>238</xmin>
			<ymin>189</ymin>
			<xmax>300</xmax>
			<ymax>292</ymax>
		</bndbox>
	</object>
	<object>
		<name>Bacterial_Blight</name>
		<pose>Unspecified</pose>
		<truncated>0</truncated>
		<difficult>0</difficult>
		<bndbox>
			<xmin>198</xmin>
			<ymin>57</ymin>
			<xmax>275</xmax>
			<ymax>153</ymax>
		</bndbox>
	</object>
</annotation>
