<annotation>
	<folder>orig</folder>
	<filename>blight_orig_007.JPG</filename>
	<path>G:\BLB\orig\blight_orig_007.JPG</path>
	<source>
		<database>Unknown</database>
	</source>
	<size>
		<width>300</width>
		<height>300</height>
		<depth>3</depth>
	</size>
	<segmented>0</segmented>
	<object>
		<name>Bacterial_Blight</name>
		<pose>Unspecified</pose>
		<truncated>1</truncated>
		<difficult>0</difficult>
		<bndbox>
			<xmin>109</xmin>
			<ymin>1</ymin>
			<xmax>180</xmax>
			<ymax>297</ymax>
		</bndbox>
	</object>
	<object>
		<name>Bacterial_Blight</name>
		<pose>Unspecified</pose>
		<truncated>0</truncated>
		<difficult>0</difficult>
		<bndbox>
			<xmin>173</xmin>
			<ymin>2</ymin>
			<xmax>249</xmax>
			<ymax>294</ymax>
		</bndbox>
	</object>
</annotation>
