<annotation>
	<folder>orig</folder>
	<filename>blight_orig_009.JPG</filename>
	<path>G:\BLB\orig\blight_orig_009.JPG</path>
	<source>
		<database>Unknown</database>
	</source>
	<size>
		<width>300</width>
		<height>300</height>
		<depth>3</depth>
	</size>
	<segmented>0</segmented>
	<object>
		<name>Bacterial_Blight</name>
		<pose>Unspecified</pose>
		<truncated>0</truncated>
		<difficult>0</difficult>
		<bndbox>
			<xmin>18</xmin>
			<ymin>44</ymin>
			<xmax>56</xmax>
			<ymax>149</ymax>
		</bndbox>
	</object>
	<object>
		<name>Bacterial_Blight</name>
		<pose>Unspecified</pose>
		<truncated>1</truncated>
		<difficult>0</difficult>
		<bndbox>
			<xmin>125</xmin>
			<ymin>1</ymin>
			<xmax>183</xmax>
			<ymax>300</ymax>
		</bndbox>
	</object>
</annotation>
