<annotation>
	<folder>orig</folder>
	<filename>blight_orig_050.jpg</filename>
	<path>G:\BLB\orig\blight_orig_050.jpg</path>
	<source>
		<database>Unknown</database>
	</source>
	<size>
		<width>300</width>
		<height>300</height>
		<depth>3</depth>
	</size>
	<segmented>0</segmented>
	<object>
		<name>Bacterial_Blight</name>
		<pose>Unspecified</pose>
		<truncated>1</truncated>
		<difficult>0</difficult>
		<bndbox>
			<xmin>146</xmin>
			<ymin>162</ymin>
			<xmax>291</xmax>
			<ymax>300</ymax>
		</bndbox>
	</object>
</annotation>
