<annotation>
	<folder>orig</folder>
	<filename>blight_orig_072.JPG</filename>
	<path>G:\BLB\orig\blight_orig_072.JPG</path>
	<source>
		<database>Unknown</database>
	</source>
	<size>
		<width>300</width>
		<height>300</height>
		<depth>3</depth>
	</size>
	<segmented>0</segmented>
	<object>
		<name>Bacterial_Blight</name>
		<pose>Unspecified</pose>
		<truncated>1</truncated>
		<difficult>0</difficult>
		<bndbox>
			<xmin>1</xmin>
			<ymin>166</ymin>
			<xmax>115</xmax>
			<ymax>300</ymax>
		</bndbox>
	</object>
	<object>
		<name>Bacterial_Blight</name>
		<pose>Unspecified</pose>
		<truncated>0</truncated>
		<difficult>0</difficult>
		<bndbox>
			<xmin>224</xmin>
			<ymin>63</ymin>
			<xmax>289</xmax>
			<ymax>229</ymax>
		</bndbox>
	</object>
</annotation>
