<annotation>
	<folder>orig</folder>
	<filename>blight_orig_019.jpg</filename>
	<path>G:\BLB\orig\blight_orig_019.jpg</path>
	<source>
		<database>Unknown</database>
	</source>
	<size>
		<width>300</width>
		<height>300</height>
		<depth>3</depth>
	</size>
	<segmented>0</segmented>
	<object>
		<name>Bacterial_Blight</name>
		<pose>Unspecified</pose>
		<truncated>1</truncated>
		<difficult>0</difficult>
		<bndbox>
			<xmin>230</xmin>
			<ymin>7</ymin>
			<xmax>300</xmax>
			<ymax>122</ymax>
		</bndbox>
	</object>
	<object>
		<name>Bacterial_Blight</name>
		<pose>Unspecified</pose>
		<truncated>1</truncated>
		<difficult>0</difficult>
		<bndbox>
			<xmin>209</xmin>
			<ymin>124</ymin>
			<xmax>300</xmax>
			<ymax>279</ymax>
		</bndbox>
	</object>
</annotation>
