<annotation>
	<folder>rotated</folder>
	<filename>brownspot_rotated_022.jpg</filename>
	<path>C:\Users\iecudiamat\Downloads\brownspot-20180219T024548Z-001\brownspot\rotated\brownspot_rotated_022.jpg</path>
	<source>
		<database>Unknown</database>
	</source>
	<size>
		<width>300</width>
		<height>300</height>
		<depth>3</depth>
	</size>
	<segmented>0</segmented>
	<object>
		<name>Brown_Spot</name>
		<pose>Unspecified</pose>
		<truncated>0</truncated>
		<difficult>0</difficult>
		<bndbox>
			<xmin>126</xmin>
			<ymin>146</ymin>
			<xmax>203</xmax>
			<ymax>217</ymax>
		</bndbox>
	</object>
	<object>
		<name>Brown_Spot</name>
		<pose>Unspecified</pose>
		<truncated>0</truncated>
		<difficult>0</difficult>
		<bndbox>
			<xmin>140</xmin>
			<ymin>113</ymin>
			<xmax>165</xmax>
			<ymax>131</ymax>
		</bndbox>
	</object>
	<object>
		<name>Brown_Spot</name>
		<pose>Unspecified</pose>
		<truncated>0</truncated>
		<difficult>0</difficult>
		<bndbox>
			<xmin>156</xmin>
			<ymin>107</ymin>
			<xmax>171</xmax>
			<ymax>123</ymax>
		</bndbox>
	</object>
</annotation>
